{
  "Id": "SleepImprovement",
  "DisplayName": "Sleep Improvement",
  "Author": "App24",
  "Version": "1.1.1",
  "ManagerVersion": "0.24.0.0",
  "AssemblyName": "SleepImprovement.dll",
  "EntryMethod": "SleepImprovement.Main.Load",
  "Description": "Brings improvements to how sleeping works, you are able to exit out of bed at anytime you want, or just when you are falling asleep",
  "Tags": ["Gameplay"],
  "Requirements": [],
  "Repository": "https://github.com/App24/SailwindMods/tree/main/SleepImprovement"
}